id;name;phone_number;photo_url;telegram_chat_id;join_date;balance
1;hacking definition;Buckinghamshire;Singapore Norfolk Island Guyana;34641;2021-02-24T11:49:57;51490
2;Data Vermont;Human Legacy card;Agent Cotton;71402;2021-02-23T19:21:46;9359
3;Representative;Stream Chair Underpass;transmit;92566;2021-02-23T21:21:00;49821
4;e-enable Associate SDD;Quality Zambian Kwacha;Car Small;54507;2021-02-24T12:46:29;92181
5;Frozen;Cambridgeshire Automotive;Shoes Rubber Sleek;50799;2021-02-24T09:26:12;99259
6;Haiti Ports;blue Executive fault-tolerant;North Dakota recontextualize Cordoba Oro;61748;2021-02-24T01:16:26;61977
7;Upgradable;client-driven;online;2741;2021-02-23T20:14:51;20039
8;applications;moderator Personal Loan Account;applications;86569;2021-02-23T20:34:59;58528
9;Vatu Product;yellow El Salvador Colon US Dollar;Gorgeous neural;24563;2021-02-24T15:44:51;3503
10;invoice bypassing;Borders;Markets Strategist;2049;2021-02-24T07:50:51;75521
